V_ms,pitch_deg,P_MW,Cp_elec,Cp_aero,Omega_rpm,vtip_ms,T_MN,Ct,Q_MNm,Cq,Mblade_MNm,Cm_blade
3,3.91801,0.0430762,0.0569351,0.0594934,5,63.1855,0.202342,0.802324,0.085966,0.0028247,5.95257,0.195592
3.54953,3.8988,0.292382,0.233316,0.243799,5,63.1855,0.275596,0.780616,0.583499,0.0136958,7.84141,0.184052
4.0679,3.68602,0.607198,0.321904,0.336368,5,63.1855,0.360724,0.777931,1.21177,0.0216555,10.046,0.179532
4.55391,3.32663,0.980089,0.370357,0.386997,5,63.1855,0.454144,0.781505,1.95594,0.0278917,12.471,0.177837
5.00643,2.89276,1.40105,0.398454,0.416358,5,63.1855,0.55076,0.784176,2.79605,0.0329896,14.9821,0.176768
5.42442,2.40856,1.85814,0.415457,0.434124,5,63.1855,0.648096,0.786033,3.70823,0.0372692,17.5153,0.176035
5.80691,1.90598,2.33761,0.426035,0.445178,5,63.1855,0.743153,0.786495,4.66511,0.040913,19.992,0.17533
6.15301,1.40451,2.82471,0.432731,0.452175,5,63.1855,0.833749,0.785899,5.63721,0.0440329,22.3553,0.17462
6.46194,0.91789,3.30425,0.43701,0.456646,5,63.1855,0.918201,0.784728,6.59419,0.0467009,24.561,0.173944
6.73297,0.458373,3.76092,0.439726,0.459483,5,63.1855,0.995005,0.783284,7.50556,0.048962,26.5706,0.173331
6.96547,0.0377351,4.18024,0.441425,0.46126,5,63.1855,1.06287,0.781786,8.3424,0.0508486,28.3503,0.1728
7.15891,0,4.54147,0.441735,0.461583,5.0985,64.4302,1.11774,0.778313,8.88818,0.051287,29.7996,0.171951
7.31285,0,4.84077,0.441735,0.461583,5.20813,65.8156,1.16633,0.778313,9.27453,0.051287,31.0949,0.171951
7.42692,0,5.07085,0.441735,0.461583,5.28937,66.8423,1.203,0.778313,9.56613,0.051287,32.0726,0.171951
7.50087,0,5.22383,0.441735,0.461583,5.34204,67.5078,1.22707,0.778313,9.75757,0.051287,32.7144,0.171951
7.53451,0,5.29444,0.441735,0.461583,5.366,67.8106,1.2381,0.778313,9.8453,0.051287,33.0085,0.171951
7.54124,0,5.30864,0.441735,0.461583,5.37079,67.8712,1.24032,0.778313,9.8629,0.051287,33.0675,0.171951
7.58833,0,5.40871,0.441735,0.461583,5.40433,68.295,1.25586,0.778313,9.98646,0.051287,33.4818,0.171951
7.67568,0,5.59764,0.441735,0.461583,5.46653,69.0811,1.28493,0.778313,10.2177,0.051287,34.257,0.171951
7.80307,0,5.881,0.441735,0.461583,5.55726,70.2276,1.32794,0.778313,10.5597,0.051287,35.4036,0.171951
7.97022,0,6.26708,0.441735,0.461583,5.6763,71.732,1.38544,0.778313,11.0169,0.051287,36.9366,0.171951
8.17674,0,6.76698,0.441735,0.461583,5.82338,73.5906,1.45817,0.778313,11.5952,0.051287,38.8755,0.171951
8.42215,0,7.39475,0.441735,0.461583,5.99816,75.7993,1.54701,0.778313,12.3017,0.051287,41.2441,0.171951
8.70588,0,8.16757,0.441735,0.461583,6.20024,78.3529,1.653,0.778313,13.1445,0.051287,44.0699,0.171951
9.02728,0,9.10597,0.441735,0.461583,6.42914,81.2456,1.7773,0.778313,14.133,0.051287,47.3839,0.171951
9.38561,0,10.2339,0.441735,0.461583,6.68433,84.4705,1.9212,0.778313,15.2772,0.051287,51.2202,0.171951
9.78004,0,11.5791,0.441735,0.461583,6.96524,88.0203,2.08607,0.778313,16.5882,0.051287,55.6157,0.171951
10.2096,0,13.1731,0.441735,0.461583,7.2712,91.8868,2.27336,0.778313,18.0776,0.051287,60.6091,0.171951
10.6594,5.79435e-19,15,0.441981,0.46184,7.51755,95,2.45723,0.771773,19.9101,0.0518203,65.4617,0.170378
10.6735,0.53522,15,0.440234,0.460015,7.51755,95,2.38056,0.745721,19.9101,0.0516836,63.2827,0.164272
11.1704,3.75456,15,0.384057,0.401314,7.51755,95,1.95805,0.560011,19.9102,0.0471876,50.987,0.12084
11.6993,5.40713,15,0.33429,0.34931,7.51755,95,1.77032,0.461573,19.9101,0.0430176,45.2886,0.0978499
12.2589,6.76074,15,0.290565,0.303621,7.51755,95,1.63187,0.387516,19.9101,0.0391795,40.9618,0.0806055
12.848,7.97014,15,0.252401,0.263742,7.51755,95,1.51959,0.32852,19.9101,0.0356691,37.3555,0.0669224
13.4652,9.09399,14.9999,0.21926,0.229111,7.51755,95,1.42448,0.280375,19.91,0.032474,34.2172,0.0558095
14.109,10.1611,15.0001,0.190593,0.199157,7.51755,95,1.34196,0.240576,19.9102,0.029578,31.4192,0.0466755
14.7781,11.1882,15,0.165861,0.173314,7.51755,95,1.26923,0.207402,19.9102,0.0269605,28.8842,0.0391123
15.4707,12.185,15,0.144566,0.151061,7.51755,95,1.20449,0.179592,19.9102,0.0246003,26.5629,0.0328203
16.1854,13.158,15,0.126248,0.131921,7.51755,95,1.14645,0.156175,19.9102,0.0224758,24.4208,0.0275677
16.9205,14.1112,15,0.110499,0.115464,7.51755,95,1.09415,0.136383,19.9101,0.0205654,22.4323,0.0231705
17.6743,15.0474,15,0.0969562,0.101313,7.51755,95,1.04687,0.119596,19.9101,0.0188487,20.578,0.0194809
18.4449,15.9683,15,0.0853035,0.0891364,7.51755,95,1.00399,0.105313,19.9101,0.0173065,18.8428,0.0163787
19.2308,16.8748,15,0.0752676,0.0786496,7.51755,95,0.965039,0.0931234,19.9101,0.015921,17.2144,0.0137653
20.0299,17.7675,15,0.066613,0.0696061,7.51755,95,0.929594,0.0826877,19.9101,0.0146758,15.6823,0.0115595
20.8406,18.6465,15,0.059138,0.0617952,7.51755,95,0.897306,0.073727,19.9101,0.0135563,14.2379,0.00969426
21.6609,19.5119,15,0.0526707,0.0550373,7.51755,95,0.867869,0.0660098,19.9101,0.012549,12.8738,0.00811414
22.4889,20.3633,14.9999,0.0470642,0.0491789,7.51755,95,0.84101,0.0593434,19.91,0.0116419,11.5833,0.00677306
23.3227,21.2003,15,0.0421951,0.044091,7.51755,95,0.81651,0.0535687,19.9101,0.0108244,10.3614,0.00563312
24.1604,22.0223,15,0.0379566,0.0396621,7.51755,95,0.794141,0.0485509,19.9101,0.0100868,9.20272,0.00466227
25,22.8287,15,0.0342593,0.0357986,7.51755,95,0.773719,0.0441784,19.9101,0.00942069,8.10332,0.00383417
